Bell No,Actual Time,Contest Model,HawkEar Model,RWP Model,Metronomic Model
1,52530,52530,52530,52771,52530
2,52840,52770.4,52770.4,52994,52745.6
3,53020,53010.9,53010.9,53217.1,52961.2
4,53240,53251.3,53251.3,53440.2,53176.8
5,53520,53491.7,53491.7,53663.2,53392.5
6,53720,53732.2,53732.2,53886.3,53608.1
7,54060,53972.6,53972.6,54109.4,53823.7
8,54370,54213,54213,54332.4,54039.3
9,54580,54453.5,54453.5,54555.5,54254.9
10,54790,54693.9,54693.9,54778.6,54470.5
11,55020,54934.3,54934.3,55001.6,54686.2
12,55260,55174.8,55174.8,55224.7,54901.8
1,55500,55415.2,55415.2,55447.8,55117.4
2,55750,55655.7,55655.7,55670.9,55333
3,55980,55896.1,55896.1,55893.9,55548.6
4,56190,56136.5,56136.5,56117,55764.2
5,56470,56377,56377,56340.1,55979.9
6,56670,56617.4,56617.4,56563.1,56195.5
7,56840,56857.8,56857.8,56786.2,56411.1
8,57080,57098.3,57098.3,57009.3,56626.7
9,57300,57338.7,57338.7,57232.3,56842.3
10,57530,57579.1,57579.1,57455.4,57057.9
11,57750,57819.6,57819.6,57678.5,57273.6
12,58060,58060,58060,57901.5,57489.2
1,58510,58495.5,58510.6,58444.7,57920.4
2,58740,58714.4,58728.6,58667.8,58136
3,58910,58933.3,58946.5,58890.8,58351.6
4,59130,59152.3,59164.5,59113.9,58567.3
5,59350,59371.2,59382.4,59337,58782.9
6,59560,59590.1,59600.4,59560.1,58998.5
7,59810,59809,59818.4,59783.1,59214.1
8,59970,60028,60036.3,60006.2,59429.7
9,60200,60246.9,60254.3,60229.3,59645.3
10,60420,60465.8,60472.2,60452.3,59861
11,60590,60684.7,60690.2,60675.4,60076.6
12,60890,60903.7,60908.2,60898.5,60292.2
1,61190,61122.6,61126.1,61121.5,60507.8
2,61420,61341.5,61344.1,61344.6,60723.4
3,61610,61560.4,61562,61567.7,60939
4,61820,61779.4,61780,61790.7,61154.7
5,62060,61998.3,61998,62013.8,61370.3
6,62260,62217.2,62215.9,62236.9,61585.9
7,62460,62436.1,62433.9,62459.9,61801.5
8,62660,62655.1,62651.8,62683,62017.1
9,62860,62874,62869.8,62906.1,62232.7
10,63060,63092.9,63087.7,63129.2,62448.4
11,63270,63311.8,63305.7,63352.2,62664
12,63490,63530.8,63523.7,63575.3,62879.6
1,63970,63967.1,63962.6,63959.9,63310.8
2,64230,64184.8,64180.6,64178.2,63526.4
3,64380,64402.6,64398.6,64396.5,63742.1
4,64620,64620.3,64616.6,64614.8,63957.7
5,64820,64838,64834.6,64833.2,64173.3
6,65040,65055.7,65052.6,65051.5,64388.9
7,65270,65273.4,65270.6,65269.8,64604.5
8,65460,65491.2,65488.6,65488.1,64820.1
9,65700,65708.9,65706.7,65706.4,65035.8
10,65910,65926.6,65924.7,65924.7,65251.4
11,66160,66144.3,66142.7,66143,65467
12,66320,66362.1,66360.7,66361.3,65682.6
1,66590,66579.8,66578.7,66579.6,65898.2
2,66830,66797.5,66796.7,66797.9,66113.8
3,67040,67015.2,67014.7,67016.2,66329.5
4,67260,67232.9,67232.7,67234.5,66545.1
5,67470,67450.7,67450.8,67452.8,66760.7
6,67670,67668.4,67668.8,67671.1,66976.3
7,67900,67886.1,67886.8,67889.4,67191.9
8,68110,68103.8,68104.8,68107.7,67407.5
9,68280,68321.6,68322.8,68326,67623.2
10,68540,68539.3,68540.8,68544.3,67838.8
11,68760,68757,68758.8,68762.6,68054.4
12,68960,68974.7,68976.8,68980.9,68270
1,69440,69415.1,69414.4,69407.8,68701.2
2,69690,69631.7,69631,69625,68916.8
3,69850,69848.3,69847.7,69842.3,69132.5
4,70050,70064.9,70064.3,70059.6,69348.1
5,70270,70281.5,70281,70276.8,69563.7
6,70480,70498.1,70497.6,70494.1,69779.3
7,70700,70714.7,70714.3,70711.3,69994.9
8,70920,70931.3,70930.9,70928.6,70210.5
9,71120,71147.9,71147.6,71145.8,70426.2
10,71340,71364.5,71364.2,71363.1,70641.8
11,71560,71581.1,71580.9,71580.4,70857.4
12,71760,71797.8,71797.6,71797.6,71073
1,72030,72014.4,72014.2,72014.9,71288.6
2,72250,72231,72230.9,72232.1,71504.2
3,72460,72447.6,72447.5,72449.4,71719.9
4,72720,72664.2,72664.2,72666.7,71935.5
5,72930,72880.8,72880.8,72883.9,72151.1
6,73050,73097.4,73097.5,73101.2,72366.7
7,73310,73314,73314.1,73318.4,72582.3
8,73530,73530.6,73530.8,73535.7,72797.9
9,73760,73747.2,73747.4,73752.9,73013.6
10,73950,73963.8,73964.1,73970.2,73229.2
11,74190,74180.5,74180.7,74187.5,73444.8
12,74390,74397.1,74397.4,74404.7,73660.4
1,74860,74823.8,74827.2,74822.2,74091.6
2,75040,75040.7,75043.8,75038.9,74307.3
3,75200,75257.7,75260.5,75255.6,74522.9
4,75440,75474.6,75477.1,75472.4,74738.5
5,75660,75691.6,75693.7,75689.1,74954.1
6,75880,75908.5,75910.3,75905.8,75169.7
7,76130,76125.5,76126.9,76122.6,75385.3
8,76290,76342.4,76343.5,76339.3,75601
9,76540,76559.4,76560.1,76556,75816.6
10,76780,76776.3,76776.7,76772.8,76032.2
11,76980,76993.3,76993.3,76989.5,76247.8
12,77210,77210.3,77209.9,77206.2,76463.4
1,77450,77427.2,77426.5,77422.9,76679
2,77670,77644.2,77643.2,77639.7,76894.7
3,77880,77861.1,77859.8,77856.4,77110.3
4,78100,78078.1,78076.4,78073.1,77325.9
5,78300,78295,78293,78289.9,77541.5
6,78500,78512,78509.6,78506.6,77757.1
7,78750,78728.9,78726.2,78723.3,77972.7
8,78940,78945.9,78942.8,78940.1,78188.4
9,79150,79162.8,79159.4,79156.8,78404
10,79360,79379.8,79376,79373.5,78619.6
11,79640,79596.7,79592.6,79590.3,78835.2
12,79800,79813.7,79809.2,79807,79050.8
1,80270,80240.2,80237.9,80236.1,79482.1
2,80470,80456.4,80454.4,80452.4,79697.7
3,80680,80672.7,80670.9,80668.8,79913.3
4,80850,80888.9,80887.4,80885.1,80128.9
5,81090,81105.1,81103.9,81101.5,80344.5
6,81280,81321.4,81320.4,81317.8,80560.1
7,81530,81537.6,81536.9,81534.2,80775.8
8,81730,81753.9,81753.4,81750.6,80991.4
9,81950,81970.1,81969.9,81966.9,81207
10,82180,82186.3,82186.4,82183.3,81422.6
11,82380,82402.6,82402.8,82399.6,81638.2
12,82610,82618.8,82619.3,82616,81853.8
1,82840,82835,82835.8,82832.3,82069.5
2,83090,83051.3,83052.3,83048.7,82285.1
3,83280,83267.5,83268.8,83265.1,82500.7
4,83490,83483.7,83485.3,83481.4,82716.3
5,83710,83700,83701.8,83697.8,82931.9
6,83910,83916.2,83918.3,83914.1,83147.5
7,84110,84132.5,84134.8,84130.5,83363.2
8,84340,84348.7,84351.3,84346.8,83578.8
9,84580,84564.9,84567.8,84563.2,83794.4
10,84790,84781.2,84784.3,84779.6,84010
11,85000,84997.4,85000.7,84995.9,84225.6
12,85220,85213.6,85217.2,85212.3,84441.2
1,85630,85630.6,85637.6,85627.4,84872.5
2,85830,85847,85853.8,85843.6,85088.1
3,86030,86063.4,86070,86059.8,85303.7
4,86230,86279.8,86286.2,86276,85519.3
5,86460,86496.2,86502.4,86492.2,85734.9
6,86690,86712.6,86718.6,86708.4,85950.5
7,86900,86929,86934.8,86924.6,86166.2
8,87120,87145.4,87151,87140.8,86381.8
9,87350,87361.8,87367.2,87357,86597.4
10,87570,87578.2,87583.4,87573.2,86813
11,87810,87794.6,87799.6,87789.4,87028.6
12,88020,88011,88015.8,88005.6,87244.2
1,88270,88227.3,88232,88221.9,87459.9
2,88470,88443.7,88448.2,88438.1,87675.5
3,88690,88660.1,88664.4,88654.3,87891.1
4,88880,88876.5,88880.6,88870.5,88106.7
5,89090,89092.9,89096.7,89086.7,88322.3
6,89290,89309.3,89312.9,89302.9,88537.9
7,89510,89525.7,89529.1,89519.1,88753.6
8,89740,89742.1,89745.3,89735.3,88969.2
9,89990,89958.5,89961.5,89951.5,89184.8
10,90170,90174.9,90177.7,90167.7,89400.4
11,90370,90391.3,90393.9,90383.9,89616
12,90620,90607.6,90610.1,90600.1,89831.6
1,91050,91028.3,91036.4,91025.2,90262.9
2,91250,91244.8,91252.5,91241.8,90478.5
3,91440,91461.4,91468.5,91458.4,90694.1
4,91660,91678,91684.6,91675,90909.7
5,91840,91894.6,91900.7,91891.5,91125.3
6,92080,92111.1,92116.7,92108.1,91341
7,92310,92327.7,92332.8,92324.7,91556.6
8,92530,92544.3,92548.9,92541.3,91772.2
9,92750,92760.8,92764.9,92757.8,91987.8
10,92960,92977.4,92981,92974.4,92203.4
11,93220,93194,93197.1,93191,92419
12,93390,93410.6,93413.1,93407.5,92634.7
1,93650,93627.1,93629.2,93624.1,92850.3
2,93830,93843.7,93845.3,93840.7,93065.9
3,94060,94060.3,94061.3,94057.3,93281.5
4,94330,94276.8,94277.4,94273.8,93497.1
5,94540,94493.4,94493.5,94490.4,93712.7
6,94700,94710,94709.6,94707,93928.4
7,94940,94926.5,94925.6,94923.6,94144
8,95130,95143.1,95141.7,95140.1,94359.6
9,95360,95359.7,95357.8,95356.7,94575.2
10,95590,95576.3,95573.8,95573.3,94790.8
11,95780,95792.8,95789.9,95789.9,95006.4
12,95990,96009.4,96006,96006.4,95222.1
1,96470,96438.9,96438.4,96433.6,95653.3
2,96710,96654.9,96654.5,96650.2,95868.9
3,96880,96870.9,96870.6,96866.7,96084.5
4,97080,97087,97086.6,97083.2,96300.1
5,97300,97303,97302.7,97299.8,96515.8
6,97530,97519,97518.8,97516.3,96731.4
7,97720,97735,97734.8,97732.8,96947
8,97910,97951,97950.9,97949.4,97162.6
9,98140,98167,98167,98165.9,97378.2
10,98350,98383,98383,98382.4,97593.8
11,98570,98599,98599.1,98599,97809.5
12,98800,98815,98815.2,98815.5,98025.1
1,99050,99031,99031.2,99032,98240.7
2,99240,99247,99247.3,99248.5,98456.3
3,99480,99463,99463.4,99465.1,98671.9
4,99720,99679,99679.4,99681.6,98887.5
5,99930,99895.1,99895.5,99898.1,99103.2
6,100110,100111,100112,100115,99318.8
7,100340,100327,100328,100331,99534.4
8,100510,100543,100544,100548,99750
9,100770,100759,100760,100764,99965.6
10,100960,100975,100976,100981,100181
11,101190,101191,101192,101197,100397
12,101410,101407,101408,101414,100612
1,101890,101831,101840,101841,101044
2,102080,102048,102056,102057,101259
3,102250,102265,102272,102273,101475
4,102450,102482,102488,102488,101691
5,102640,102699,102704,102704,101906
6,102870,102916,102920,102920,102122
7,103060,103132,103137,103136,102337
8,103290,103349,103353,103352,102553
9,103580,103566,103569,103568,102769
10,103780,103783,103785,103784,102984
11,104030,104000,104001,104000,103200
12,104200,104217,104217,104216,103415
1,104470,104434,104433,104432,103631
2,104680,104651,104649,104648,103847
3,104880,104868,104865,104864,104062
4,105120,105085,105082,105079,104278
5,105350,105302,105298,105295,104494
6,105520,105519,105514,105511,104709
7,105730,105736,105730,105727,104925
8,105940,105953,105946,105943,105140
9,106180,106170,106162,106159,105356
10,106360,106386,106378,106375,105572
11,106600,106603,106594,106591,105787
12,106820,106820,106810,106807,106003
1,107250,107231,107229,107222,106434
2,107470,107446,107445,107438,106650
3,107640,107661,107661,107653,106865
4,107840,107876,107877,107869,107081
5,108050,108091,108092,108084,107297
6,108280,108306,108308,108300,107512
7,108500,108522,108524,108516,107728
8,108710,108737,108739,108731,107943
9,108930,108952,108955,108947,108159
10,109200,109167,109171,109162,108375
11,109410,109382,109387,109378,108590
12,109600,109598,109602,109593,108806
1,109810,109813,109818,109809,109022
2,110000,110028,110034,110024,109237
3,110230,110243,110250,110240,109453
4,110480,110458,110465,110455,109668
5,110690,110674,110681,110671,109884
6,110870,110889,110897,110886,110100
7,111080,111104,111113,111102,110315
8,111310,111319,111328,111317,110531
9,111540,111534,111544,111533,110746
10,111760,111749,111760,111748,110962
11,111980,111965,111976,111964,111178
12,112190,112180,112191,112179,111393
1,112670,112604,112611,112602,111825
2,112820,112820,112827,112818,112040
3,113020,113035,113042,113033,112256
4,113220,113250,113258,113249,112471
5,113430,113466,113473,113464,112687
6,113660,113681,113689,113680,112903
7,113880,113896,113904,113896,113118
8,114100,114112,114119,114111,113334
9,114310,114327,114335,114327,113549
10,114530,114542,114550,114542,113765
11,114770,114758,114766,114758,113981
12,114980,114973,114981,114973,114196
1,115260,115188,115196,115189,114412
2,115430,115404,115412,115404,114628
3,115630,115619,115627,115620,114843
4,115860,115834,115843,115835,115059
5,116080,116050,116058,116051,115274
6,116260,116265,116274,116266,115490
7,116460,116481,116489,116482,115706
8,116610,116696,116704,116697,115921
9,116920,116911,116920,116913,116137
10,117120,117127,117135,117128,116352
11,117350,117342,117351,117344,116568
12,117570,117557,117566,117559,116784
1,118010,117980,117989,117978,117215
2,118220,118195,118204,118194,117431
3,118400,118411,118419,118409,117646
4,118590,118626,118635,118625,117862
5,118830,118842,118850,118841,118077
6,119040,119057,119065,119056,118293
7,119260,119273,119280,119272,118509
8,119450,119489,119495,119488,118724
9,119690,119704,119711,119703,118940
10,119910,119920,119926,119919,119155
11,120130,120135,120141,120134,119371
12,120360,120351,120356,120350,119587
1,120630,120566,120571,120566,119802
2,120790,120782,120787,120781,120018
3,121010,120997,121002,120997,120234
4,121240,121213,121217,121213,120449
5,121440,121428,121432,121428,120665
6,121650,121644,121648,121644,120880
7,121840,121860,121863,121860,121096
8,122060,122075,122078,122075,121312
9,122270,122291,122293,122291,121527
10,122490,122506,122508,122507,121743
11,122740,122722,122724,122722,121958
12,122940,122937,122939,122938,122174
1,123430,123364,123369,123360,122605
2,123640,123579,123585,123576,122821
3,123800,123795,123800,123792,123037
4,123990,124011,124015,124008,123252
5,124200,124226,124230,124224,123468
6,124440,124442,124446,124440,123683
7,124640,124658,124661,124656,123899
8,124830,124873,124876,124872,124115
9,125060,125089,125091,125088,124330
10,125280,125305,125307,125304,124546
11,125500,125520,125522,125520,124762
12,125750,125736,125737,125737,124977
1,125960,125952,125952,125953,125193
2,126190,126167,126167,126169,125408
3,126380,126383,126383,126385,125624
4,126600,126599,126598,126601,125840
5,126830,126814,126813,126817,126055
6,127030,127030,127028,127033,126271
7,127220,127245,127244,127249,126486
8,127460,127461,127459,127465,126702
9,127690,127677,127674,127681,126918
10,127880,127892,127889,127897,127133
11,128130,128108,128104,128113,127349
12,128340,128324,128320,128329,127565
2,128810,128758,128759,128757,127996
1,129030,128974,128974,128973,128211
3,129220,129190,129190,129190,128427
5,129390,129406,129405,129406,128643
4,129590,129621,129621,129622,128858
7,129800,129837,129836,129838,129074
6,130010,130053,130052,130054,129289
9,130260,130269,130267,130270,129505
8,130490,130485,130482,130486,129721
11,130700,130700,130698,130703,129936
10,130920,130916,130913,130919,130152
12,131110,131132,131129,131135,130368
2,131390,131348,131344,131351,130583
3,131570,131564,131560,131567,130799
1,131880,131779,131775,131783,131014
4,132020,131995,131991,131999,131230
5,132230,132211,132206,132216,131446
6,132420,132427,132422,132432,131661
7,132620,132642,132637,132648,131877
8,132810,132858,132852,132864,132092
9,133040,133074,133068,133080,132308
10,133260,133290,133283,133296,132524
11,133540,133506,133499,133512,132739
12,133720,133721,133714,133729,132955
3,134150,134150,134150,134153,133386
2,134430,134365,134366,134368,133602
4,134580,134581,134582,134584,133817
1,134820,134797,134797,134800,134033
6,135010,135013,135013,135016,134249
5,135240,135229,135228,135231,134464
8,135390,135445,135444,135447,134680
7,135640,135661,135660,135663,134895
9,135820,135877,135875,135878,135111
11,136080,136093,136091,136094,135327
10,136300,136309,136306,136310,135542
12,136470,136525,136522,136525,135758
2,136780,136741,136738,136741,135974
3,136970,136957,136953,136957,136189
4,137230,137173,137169,137173,136405
6,137410,137389,137385,137388,136620
1,137650,137605,137600,137604,136836
8,137810,137821,137816,137820,137052
5,138010,138037,138031,138035,137267
9,138240,138253,138247,138251,137483
7,138480,138468,138463,138467,137698
10,138650,138684,138678,138683,137914
11,138930,138900,138894,138898,138130
12,139110,139116,139109,139114,138345
2,139510,139531,139536,139528,138777
4,139720,139747,139751,139744,138992
3,139970,139963,139967,139960,139208
1,140220,140179,140182,140175,139423
6,140410,140395,140398,140391,139639
5,140590,140610,140613,140607,139855
8,140780,140826,140829,140823,140070
7,141030,141042,141044,141038,140286
9,141210,141258,141260,141254,140502
11,141490,141474,141475,141470,140717
10,141650,141689,141691,141686,140933
12,141880,141905,141906,141902,141148
4,142140,142121,142122,142117,141364
2,142330,142337,142337,142333,141580
3,142520,142553,142553,142549,141795
6,142790,142768,142768,142765,142011
1,143020,142984,142984,142981,142226
8,143200,143200,143199,143196,142442
5,143430,143416,143415,143412,142658
9,143650,143632,143630,143628,142873
7,143860,143847,143846,143844,143089
10,144060,144063,144061,144060,143305
11,144290,144279,144277,144275,143520
12,144480,144495,144492,144491,143736
4,144950,144916,144925,144916,144167
3,145140,145133,145141,145133,144383
2,145370,145349,145356,145349,144598
1,145560,145566,145572,145565,144814
6,145770,145782,145788,145782,145029
5,145950,145999,146003,145998,145245
8,146180,146215,146219,146214,145461
7,146410,146432,146434,146431,145676
9,146610,146648,146650,146647,145892
11,146840,146864,146866,146864,146108
10,147060,147081,147081,147080,146323
12,147280,147297,147297,147296,146539
3,147530,147514,147512,147513,146754
4,147790,147730,147728,147729,146970
2,147970,147947,147944,147946,147186
6,148150,148163,148159,148162,147401
1,148420,148380,148375,148378,147617
8,148610,148596,148590,148595,147832
5,148820,148813,148806,148811,148048
9,149040,149029,149022,149027,148264
7,149250,149246,149237,149244,148479
10,149460,149462,149453,149460,148695
11,149680,149679,149668,149677,148911
12,149870,149895,149884,149893,149126
4,150340,150320,150323,150325,149557
3,150540,150536,150539,150541,149773
6,150780,150753,150755,150757,149989
2,151020,150969,150970,150973,150204
8,151160,151186,151186,151189,150420
1,151390,151402,151402,151405,150635
9,151610,151619,151618,151621,150851
5,151820,151835,151834,151837,151067
10,152040,152052,152050,152054,151282
7,152220,152268,152266,152270,151498
11,152460,152485,152481,152486,151714
12,152640,152701,152697,152702,151929
4,152930,152918,152913,152918,152145
6,153150,153134,153129,153134,152360
3,153330,153351,153345,153350,152576
8,153600,153567,153561,153566,152792
2,153810,153784,153776,153783,153007
9,154060,154001,153992,153999,153223
1,154250,154217,154208,154215,153438
10,154440,154434,154424,154431,153654
5,154680,154650,154640,154647,153870
11,154820,154867,154856,154863,154085
7,155060,155083,155071,155079,154301
12,155290,155300,155287,155295,154517
6,155680,155706,155715,155708,154948
4,155900,155923,155931,155924,155163
3,156090,156140,156146,156140,155379
2,156360,156356,156362,156356,155595
8,156580,156573,156578,156572,155810
1,156830,156789,156794,156788,156026
9,157050,157006,157009,157004,156242
5,157170,157222,157225,157220,156457
10,157360,157439,157441,157436,156673
7,157640,157655,157657,157652,156888
11,157850,157872,157873,157868,157104
12,158060,158088,158088,158084,157320
6,158300,158305,158304,158300,157535
3,158500,158521,158520,158516,157751
4,158760,158738,158736,158732,157966
8,158960,158955,158952,158948,158182
2,159150,159171,159167,159164,158398
9,159450,159388,159383,159380,158613
1,159640,159604,159599,159596,158829
10,159810,159821,159815,159812,159045
5,160050,160037,160031,160028,159260
11,160250,160254,160246,160243,159476
7,160480,160470,160462,160459,159691
12,160680,160687,160678,160675,159907
3,161120,161096,161110,161101,160338
6,161290,161313,161326,161317,160554
4,161510,161530,161541,161534,160769
2,161750,161747,161757,161750,160985
8,161940,161965,161973,161967,161201
1,162190,162182,162189,162183,161416
9,162390,162399,162405,162400,161632
5,162570,162616,162621,162616,161848
10,162760,162834,162837,162833,162063
7,163050,163051,163053,163049,162279
11,163280,163268,163269,163266,162494
12,163470,163485,163484,163482,162710
3,163690,163703,163700,163699,162926
4,163970,163920,163916,163915,163141
6,164150,164137,164132,164132,163357
8,164330,164354,164348,164348,163572
2,164560,164571,164564,164565,163788
9,164800,164789,164780,164781,164004
1,165030,165006,164996,164998,164219
10,165220,165223,165211,165214,164435
5,165480,165440,165427,165431,164651
11,165630,165658,165643,165647,164866
7,165880,165875,165859,165864,165082
12,166110,166092,166075,166080,165297
4,166560,166508,166511,166515,165729
3,166750,166725,166727,166731,165944
8,166960,166941,166943,166947,166160
6,167130,167158,167159,167163,166375
9,167350,167374,167375,167379,166591
2,167610,167591,167591,167595,166807
10,167760,167807,167807,167811,167022
1,168010,168024,168023,168026,167238
11,168250,168240,168239,168242,167454
5,168420,168457,168455,168458,167669
7,168650,168673,168671,168674,167885
12,168870,168889,168887,168890,168100
3,169110,169106,169103,169106,168316
4,169380,169322,169319,169322,168532
8,169460,169539,169535,169538,168747
9,169800,169755,169751,169753,168963
6,169980,169972,169967,169969,169178
10,170230,170188,170183,170185,169394
2,170420,170405,170399,170401,169610
11,170650,170621,170615,170617,169825
1,170840,170838,170831,170833,170041
7,171040,171054,171047,171049,170257
5,171260,171271,171263,171265,170472
12,171460,171487,171479,171480,170688
3,171870,171886,171897,171887,171119
8,172070,172102,172112,172103,171335
4,172280,172318,172328,172318,171550
6,172540,172534,172544,172534,171766
9,172750,172750,172759,172749,171982
2,172990,172966,172975,172965,172197
10,173160,173182,173191,173180,172413
1,173400,173398,173406,173396,172628
11,173590,173614,173622,173611,172844
5,173760,173831,173838,173827,173060
7,174020,174047,174053,174042,173275
12,174250,174263,174269,174258,173491
8,174480,174479,174485,174473,173706
3,174640,174695,174700,174689,173922
4,174920,174911,174916,174904,174138
9,175180,175127,175132,175120,174353
6,175370,175343,175347,175335,174569
10,175570,175560,175563,175551,174785
2,175790,175776,175779,175766,175000
11,176010,175992,175994,175982,175216
1,176230,176208,176210,176197,175431
7,176420,176424,176426,176413,175647
5,176640,176640,176641,176628,175863
12,176840,176856,176857,176844,176078
8,177260,177264,177282,177270,176509
4,177460,177481,177498,177486,176725
3,177680,177698,177713,177702,176941
6,177940,177914,177929,177918,177156
9,178150,178131,178144,178134,177372
2,178360,178348,178360,178350,177588
10,178520,178565,178575,178567,177803
1,178770,178781,178791,178783,178019
11,178990,178998,179006,178999,178234
5,179180,179215,179222,179215,178450
7,179420,179432,179438,179431,178666
12,179630,179648,179653,179647,178881
4,179860,179865,179869,179863,179097
8,180080,180082,180084,180079,179312
3,180330,180298,180300,180295,179528
9,180540,180515,180515,180511,179744
6,180730,180732,180731,180727,179959
10,180980,180949,180946,180943,180175
2,181150,181165,181162,181160,180391
11,181410,181382,181377,181376,180606
1,181620,181599,181593,181592,180822
7,181810,181815,181809,181808,181037
5,182030,182032,182024,182024,181253
12,182220,182249,182240,182240,181469
8,182690,182661,182672,182669,181900
4,182880,182877,182887,182885,182115
9,183120,183094,183103,183100,182331
3,183300,183310,183318,183316,182547
10,183520,183527,183534,183532,182762
6,183750,183743,183750,183748,182978
11,183960,183960,183965,183964,183194
2,184160,184176,184181,184180,183409
7,184400,184393,184396,184395,183625
1,184590,184609,184612,184611,183840
5,184720,184826,184828,184827,184056
12,185030,185042,185043,185043,184272
8,185250,185259,185259,185259,184487
9,185520,185475,185474,185475,184703
4,185730,185692,185690,185690,184918
10,185940,185908,185906,185906,185134
3,186150,186125,186121,186122,185350
11,186340,186341,186337,186338,185565
6,186560,186558,186552,186554,185781
7,186770,186775,186768,186770,185997
2,186980,186991,186984,186985,186212
5,187170,187208,187199,187201,186428
1,187470,187424,187415,187417,186643
12,187620,187641,187630,187633,186859
9,188050,188041,188056,188045,187290
8,188280,188257,188271,188261,187506
4,188430,188474,188487,188477,187722
3,188680,188691,188702,188693,187937
10,188880,188907,188918,188909,188153
6,189090,189124,189133,189125,188368
11,189350,189340,189349,189341,188584
2,189540,189557,189564,189557,188800
7,189760,189774,189780,189773,189015
1,190000,189990,189995,189989,189231
5,190130,190207,190211,190204,189446
12,190400,190423,190426,190420,189662
9,190660,190640,190642,190636,189878
4,190860,190857,190857,190852,190093
8,191040,191073,191073,191068,190309
10,191320,191290,191288,191284,190525
3,191560,191507,191504,191500,190740
11,191760,191723,191719,191716,190956
6,191950,191940,191935,191932,191171
7,192200,192156,192150,192148,191387
2,192380,192373,192366,192364,191603
5,192560,192590,192581,192580,191818
1,192790,192806,192797,192795,192034
12,193010,193023,193012,193011,192249
4,193460,193435,193447,193444,192681
9,193660,193651,193662,193660,192896
8,193880,193868,193878,193876,193112
3,194090,194085,194094,194092,193328
10,194280,194302,194309,194308,193543
6,194500,194518,194525,194524,193759
11,194740,194735,194740,194740,193974
2,194920,194952,194956,194956,194190
7,195180,195168,195172,195172,194406
1,195400,195385,195387,195388,194621
5,195530,195602,195603,195604,194837
12,195820,195819,195819,195820,195052
4,196060,196035,196034,196036,195268
8,196290,196252,196250,196252,195484
9,196460,196469,196465,196468,195699
10,196690,196686,196681,196684,195915
3,196920,196902,196897,196900,196131
11,197180,197119,197112,197116,196346
6,197350,197336,197328,197332,196562
7,197540,197552,197544,197548,196777
2,197780,197769,197759,197764,196993
5,197960,197986,197975,197980,197209
1,198190,198203,198190,198196,197424
12,198390,198419,198406,198412,197640
8,198900,198828,198834,198827,198071
4,199070,199043,199049,199043,198287
10,199210,199259,199265,199258,198502
9,199460,199475,199480,199474,198718
11,199740,199691,199696,199690,198934
3,199880,199907,199912,199906,199149
7,200150,200123,200127,200122,199365
6,200310,200339,200343,200338,199580
5,200490,200554,200558,200554,199796
2,200740,200770,200774,200770,200012
1,200950,200986,200989,200986,200227
12,201170,201202,201205,201202,200443
4,201440,201418,201420,201418,200658
8,201670,201634,201636,201634,200874
10,201830,201850,201851,201850,201090
11,202130,202065,202067,202066,201305
9,202290,202281,202282,202282,201521
7,202520,202497,202498,202498,201737
3,202700,202713,202713,202714,201952
5,202960,202929,202929,202930,202168
6,203120,203145,203145,203146,202383
1,203370,203361,203360,203362,202599
2,203570,203576,203576,203577,202815
12,203770,203792,203791,203793,203030
4,204220,204208,204225,204224,203462
10,204410,204425,204441,204440,203677
8,204650,204643,204657,204656,203893
9,204850,204860,204872,204872,204108
11,205120,205077,205088,205088,204324
3,205290,205294,205304,205304,204540
7,205560,205511,205519,205519,204755
6,205680,205728,205735,205735,204971
5,205910,205945,205951,205951,205186
2,206150,206162,206166,206167,205402
1,206400,206380,206382,206383,205618
12,206580,206597,206598,206599,205833
10,206790,206814,206813,206815,206049
4,207020,207031,207029,207030,206265
8,207230,207248,207245,207246,206480
11,207500,207465,207460,207462,206696
9,207700,207682,207676,207678,206911
7,207950,207899,207892,207894,207127
3,208130,208117,208107,208110,207343
5,208380,208334,208323,208326,207558
6,208560,208551,208539,208541,207774
1,208780,208768,208754,208757,207989
2,208940,208985,208970,208973,208205
12,209160,209202,209186,209189,208421
10,209560,209597,209611,209607,208852
8,209820,209814,209827,209822,209068
4,209970,210030,210042,210038,209283
9,210240,210247,210258,210253,209499
11,210480,210464,210473,210469,209714
3,210680,210680,210689,210684,209930
7,210880,210897,210905,210899,210146
6,211110,211114,211120,211115,210361
5,211330,211330,211336,211330,210577
2,211540,211547,211551,211546,210792
1,211740,211764,211767,211761,211008
12,211940,211980,211982,211976,211224
8,212180,212197,212198,212192,211439
10,212430,212414,212414,212407,211655
4,212630,212630,212629,212623,211871
11,212840,212847,212845,212838,212086
9,213090,213064,213060,213053,212302
7,213290,213281,213276,213269,212517
3,213540,213497,213491,213484,212733
5,213740,213714,213707,213700,212949
6,213920,213931,213923,213915,213164
1,214150,214147,214138,214131,213380
2,214400,214364,214354,214346,213595
12,214520,214581,214569,214561,213811
10,214980,214983,214990,214985,214242
8,215220,215198,215205,215201,214458
11,215400,215414,215420,215416,214674
4,215610,215629,215636,215631,214889
7,215880,215844,215851,215846,215105
9,216090,216060,216066,216061,215320
5,216260,216275,216282,216276,215536
3,216470,216490,216497,216491,215752
1,216730,216706,216712,216706,215967
6,216890,216921,216927,216921,216183
2,217130,217136,217143,217136,216398
12,217300,217352,217358,217351,216614
10,217550,217567,217573,217566,216830
11,217760,217782,217789,217781,217045
8,217990,217997,218004,217996,217261
7,218260,218213,218219,218211,217477
4,218450,218428,218434,218426,217692
5,218650,218643,218650,218641,217908
9,218890,218859,218865,218856,218123
1,219090,219074,219080,219071,218339
3,219280,219289,219295,219286,218555
2,219500,219505,219511,219501,218770
6,219680,219720,219726,219716,218986
12,219940,219935,219941,219931,219202
11,220340,220336,220357,220342,219633
10,220500,220552,220572,220557,219848
8,220800,220768,220787,220772,220064
4,220950,220984,221002,220987,220280
7,221210,221200,221217,221203,220495
9,221440,221416,221432,221418,220711
5,221610,221632,221647,221633,220926
3,221830,221847,221862,221848,221142
1,222060,222063,222076,222064,221358
6,222240,222279,222291,222279,221573
2,222490,222495,222506,222494,221789
12,222700,222711,222721,222709,222005
11,222920,222927,222936,222925,222220
8,223150,223143,223151,223140,222436
10,223360,223359,223366,223355,222651
7,223580,223575,223581,223571,222867
4,223810,223791,223796,223786,223083
5,224020,224007,224011,224001,223298
9,224250,224223,224226,224216,223514
1,224470,224439,224441,224432,223729
3,224640,224654,224656,224647,223945
2,224900,224870,224870,224862,224161
6,225070,225086,225085,225077,224376
12,225270,225302,225300,225293,224592
8,225760,225709,225731,225720,225023
11,225940,225926,225946,225936,225239
10,226080,226143,226161,226152,225454
4,226290,226359,226376,226368,225670
7,226550,226576,226591,226583,225886
9,226820,226793,226806,226799,226101
5,227030,227010,227021,227015,226317
3,227240,227227,227236,227231,226532
1,227460,227444,227451,227447,226748
6,227660,227661,227666,227663,226964
2,227900,227877,227881,227879,227179
12,228070,228094,228096,228095,227395
8,228310,228311,228311,228311,227611
10,228520,228528,228526,228527,227826
11,228740,228745,228741,228743,228042
7,228980,228962,228956,228959,228257
4,229190,229179,229171,229175,228473
5,229380,229395,229386,229390,228689
9,229630,229612,229601,229606,228904
1,229860,229829,229816,229822,229120
3,230060,230046,230031,230038,229335
2,230300,230263,230247,230254,229551
6,230450,230480,230462,230470,229767
12,230650,230697,230677,230686,229982
10,231100,231105,231114,231115,230414
8,231360,231321,231330,231330,230629
7,231600,231538,231545,231546,230845
11,231750,231754,231760,231762,231060
5,231920,231971,231975,231977,231276
4,232170,232187,232191,232193,231492
1,232430,232403,232406,232408,231707
9,232630,232620,232621,232624,231923
2,232830,232836,232836,232840,232138
3,233060,233052,233052,233055,232354
6,233260,233269,233267,233271,232570
12,233470,233485,233482,233487,232785
8,233650,233701,233697,233702,233001
10,233890,233918,233913,233918,233217
7,234160,234134,234128,234134,233432
5,234380,234351,234343,234349,233648
11,234590,234567,234558,234565,233863
1,234810,234783,234774,234781,234079
4,235000,235000,234989,234996,234295
2,235220,235216,235204,235212,234510
9,235430,235432,235419,235428,234726
6,235600,235649,235635,235643,234942
3,235880,235865,235850,235859,235157
12,236080,236081,236065,236075,235373
8,236450,236483,236494,236487,235804
7,236720,236699,236709,236703,236020
10,236890,236915,236924,236918,236235
11,237160,237131,237140,237134,236451
5,237340,237347,237355,237350,236666
4,237530,237563,237570,237565,236882
1,237760,237780,237785,237781,237098
9,238020,237996,238001,237997,237313
2,238250,238212,238216,238212,237529
3,238430,238428,238431,238428,237745
6,238630,238644,238646,238644,237960
12,238860,238860,238862,238859,238176
7,239070,239077,239077,239075,238391
8,239250,239293,239292,239291,238607
10,239500,239509,239507,239506,238823
5,239740,239725,239723,239722,239038
11,239950,239941,239938,239937,239254
1,240160,240157,240153,240153,239469
4,240390,240374,240368,240369,239685
2,240600,240590,240584,240584,239901
9,240820,240806,240799,240800,240116
6,241010,241022,241014,241016,240332
3,241220,241238,241229,241231,240548
12,241460,241454,241445,241447,240763
7,241870,241861,241879,241878,241194
10,242050,242078,242095,242094,241410
8,242260,242296,242310,242310,241626
11,242550,242513,242526,242525,241841
5,242740,242730,242741,242741,242057
4,242910,242947,242957,242957,242272
1,243190,243164,243172,243172,242488
9,243390,243381,243387,243388,242704
2,243620,243598,243603,243604,242919
3,243810,243815,243818,243819,243135
6,244030,244032,244034,244035,243351
12,244210,244250,244249,244251,243566
10,244470,244467,244465,244466,243782
7,244730,244684,244680,244682,243997
8,244890,244901,244895,244897,244213
5,245110,245118,245111,245113,244429
11,245320,245335,245326,245329,244644
1,245590,245552,245542,245544,244860
4,245760,245769,245757,245760,245075
2,245980,245986,245973,245976,245291
9,246230,246204,246188,246191,245507
6,246400,246421,246404,246407,245722
3,246660,246638,246619,246623,245938
12,246830,246855,246834,246838,246154
7,247250,247251,247259,247255,246585
10,247450,247467,247475,247470,246800
5,247670,247683,247690,247685,247016
8,247880,247898,247905,247901,247232
1,248140,248114,248120,248116,247447
11,248310,248330,248336,248331,247663
2,248590,248546,248551,248546,247878
4,248760,248761,248766,248762,248094
6,248970,248977,248982,248977,248310
9,249190,249193,249197,249192,248525
3,249390,249409,249412,249408,248741
12,249630,249625,249627,249623,248957
7,249770,249840,249843,249838,249172
5,250040,250056,250058,250053,249388
10,250300,250272,250273,250269,249603
1,250530,250488,250489,250484,249819
8,250710,250703,250704,250699,250035
2,250920,250919,250919,250914,250250
11,251130,251135,251135,251130,250466
6,251370,251351,251350,251345,250682
4,251540,251567,251565,251560,250897
3,251770,251782,251780,251775,251113
9,251990,251998,251996,251991,251328
12,252230,252214,252211,252206,251544
5,252610,252614,252635,252623,251975
7,252790,252831,252850,252839,252191
10,253010,253047,253065,253055,252406
8,253280,253264,253280,253270,252622
1,253500,253480,253495,253486,252838
11,253700,253697,253711,253701,253053
2,253950,253913,253926,253917,253269
4,254060,254130,254141,254133,253485
6,254340,254346,254356,254348,253700
9,254560,254563,254571,254564,253916
3,254800,254779,254786,254779,254131
12,255020,254996,255002,254995,254347
5,255250,255212,255217,255211,254563
10,255410,255429,255432,255426,254778
7,255650,255645,255647,255642,254994
1,255860,255862,255862,255858,255209
8,256110,256078,256077,256073,255425
2,256270,256295,256293,256289,255641
11,256520,256512,256508,256504,255856
6,256710,256728,256723,256720,256072
4,256900,256945,256938,256936,256288
3,257170,257161,257153,257151,256503
9,257370,257378,257368,257367,256719
12,257630,257594,257584,257582,256934
10,257990,258001,258016,258010,257366
5,258200,258218,258231,258226,257581
7,258480,258434,258447,258442,257797
8,258660,258651,258662,258657,258012
1,258910,258867,258877,258873,258228
11,259080,259084,259092,259089,258444
2,259310,259300,259308,259305,258659
4,259430,259517,259523,259521,258875
6,259730,259733,259738,259737,259091
9,259950,259950,259953,259953,259306
3,260180,260166,260169,260169,259522
12,260390,260383,260384,260385,259737
10,260620,260599,260599,260600,259953
7,260860,260816,260814,260816,260169
5,261060,261032,261030,261032,260384
1,261250,261249,261245,261248,260600
8,261450,261465,261460,261464,260815
2,261670,261682,261675,261680,261031
11,261910,261898,261891,261896,261247
6,262110,262115,262106,262112,261462
4,262290,262331,262321,262328,261678
3,262540,262548,262537,262543,261894
9,262770,262764,262752,262759,262109
12,262980,262981,262967,262975,262325
7,263390,263385,263401,263399,262756
10,263570,263602,263616,263614,262972
1,263830,263819,263831,263830,263187
5,264030,264036,264047,264046,263403
2,264290,264253,264262,264261,263618
8,264490,264469,264478,264477,263834
6,264690,264686,264693,264693,264050
11,264910,264903,264908,264908,264265
3,265090,265120,265124,265124,264481
4,265280,265337,265339,265340,264697
9,265540,265553,265555,265555,264912
12,265750,265770,265770,265771,265128
10,266000,265987,265985,265987,265343
7,266220,266204,266201,266202,265559
1,266460,266420,266416,266418,265775
2,266650,266637,266632,266634,265990
5,266860,266854,266847,266849,266206
6,267090,267071,267062,267065,266422
8,267290,267288,267278,267281,266637
3,267500,267504,267493,267496,266853
11,267710,267721,267709,267712,267068
9,267970,267938,267924,267927,267284
4,268150,268155,268139,268143,267500
12,268330,268372,268355,268359,267715
10,268710,268773,268783,268780,268146
1,269020,268989,268998,268995,268362
7,269230,269205,269213,269211,268578
5,269410,269421,269429,269426,268793
2,269690,269637,269644,269641,269009
8,269860,269853,269859,269857,269225
6,270020,270069,270075,270072,269440
11,270350,270285,270290,270288,269656
3,270520,270501,270505,270503,269871
4,270690,270717,270721,270718,270087
9,270880,270933,270936,270934,270303
12,271100,271149,271151,271149,270518
1,271390,271365,271367,271364,270734
10,271590,271581,271582,271580,270949
7,271800,271797,271797,271795,271165
2,272020,272013,272013,272010,271381
5,272200,272229,272228,272226,271596
6,272480,272445,272443,272441,271812
8,272650,272661,272659,272657,272028
3,272880,272877,272874,272872,272243
11,273100,273093,273089,273087,272459
9,273330,273309,273305,273303,272674
4,273500,273525,273520,273518,272890
12,273740,273741,273735,273733,273106
1,274160,274138,274160,274151,273537
7,274350,274355,274375,274366,273752
10,274530,274572,274590,274582,273968
5,274750,274789,274805,274797,274184
2,274980,275005,275021,275013,274399
8,275250,275222,275236,275228,274615
6,275440,275439,275451,275444,274831
11,275700,275655,275666,275659,275046
3,275870,275872,275881,275874,275262
4,276050,276089,276097,276090,275477
9,276270,276306,276312,276305,275693
12,276520,276522,276527,276521,275909
7,276750,276739,276742,276736,276124
1,276970,276956,276958,276951,276340
10,277120,277172,277173,277167,276555
2,277360,277389,277388,277382,276771
5,277620,277606,277603,277598,276987
6,277860,277822,277818,277813,277202
8,278050,278039,278034,278029,277418
3,278270,278256,278249,278244,277634
11,278480,278473,278464,278459,277849
9,278730,278689,278679,278675,278065
4,278880,278906,278895,278890,278280
12,279120,279123,279110,279106,278496
1,279550,279521,279537,279530,278927
7,279790,279737,279752,279745,279143
2,279980,279954,279968,279961,279358
10,280110,280170,280183,280176,279574
6,280400,280387,280398,280392,279790
5,280570,280603,280613,280607,280005
3,280800,280819,280828,280823,280221
8,281010,281036,281044,281039,280437
9,281260,281252,281259,281254,280652
11,281480,281469,281474,281470,280868
4,281580,281685,281689,281685,281083
12,281890,281901,281904,281901,281299
1,282150,282118,282120,282117,281515
2,282350,282334,282335,282332,281730
7,282550,282551,282550,282548,281946
6,282770,282767,282765,282763,282162
10,282950,282984,282980,282979,282377
3,283220,283200,283196,283194,282593
5,283420,283416,283411,283410,282808
9,283690,283633,283626,283626,283024
8,283870,283849,283841,283841,283240
4,284030,284066,284056,284057,283455
11,284310,284282,284271,284272,283671
12,284480,284498,284487,284488,283886
2,284940,284901,284916,284911,284318
1,285120,285117,285131,285126,284533
7,285340,285333,285346,285342,284749
10,285540,285550,285561,285557,284965
6,285800,285766,285777,285773,285180
5,285930,285982,285992,285988,285396
3,286180,286199,286207,286204,285611
8,286400,286415,286422,286419,285827
9,286640,286631,286637,286635,286043
11,286860,286848,286852,286850,286258
4,287000,287064,287068,287066,286474
12,287260,287280,287283,287281,286689
2,287490,287496,287498,287496,286905
7,287760,287713,287713,287712,287121
1,287980,287929,287928,287927,287336
6,288180,288145,288144,288143,287552
10,288330,288362,288359,288358,287768
3,288580,288578,288574,288574,287983
5,288780,288794,288789,288789,288199
9,289020,289011,289004,289005,288414
8,289270,289227,289220,289220,288630
4,289430,289443,289435,289436,288846
11,289650,289660,289650,289651,289061
12,289850,289876,289865,289867,289277
7,290310,290276,290293,290285,289708
2,290530,290493,290508,290500,289924
1,290750,290709,290724,290716,290139
10,290870,290926,290939,290932,290355
6,291150,291142,291154,291147,290571
5,291310,291359,291369,291363,290786
3,291560,291575,291584,291579,291002
8,291820,291791,291799,291794,291217
9,292020,292008,292015,292010,291433
11,292210,292224,292230,292226,291649
4,292400,292441,292445,292441,291864
12,292640,292657,292660,292657,292080
7,292840,292874,292875,292873,292295
1,293110,293090,293090,293089,292511
2,293320,293306,293306,293304,292727
6,293490,293523,293521,293520,292942
10,293680,293739,293736,293736,293158
3,293960,293956,293951,293951,293374
5,294180,294172,294166,294167,293589
9,294450,294389,294381,294383,293805
8,294660,294605,294597,294598,294020
4,294810,294821,294812,294814,294236
11,295030,295038,295027,295030,294452
12,295260,295254,295242,295245,294667
1,295660,295658,295676,295675,295098
7,295910,295875,295892,295891,295314
6,296120,296092,296107,296106,295530
2,296340,296309,296322,296322,295745
3,296540,296526,296538,296537,295961
10,296630,296743,296753,296753,296177
9,296970,296960,296968,296969,296392
5,297130,297177,297184,297184,296608
4,297370,297394,297399,297400,296823
8,297600,297611,297614,297615,297039
11,297830,297828,297830,297831,297255
12,298050,298045,298045,298046,297470
7,298310,298262,298260,298262,297686
1,298520,298479,298476,298478,297902
6,298690,298696,298691,298693,298117
3,298910,298913,298906,298909,298333
2,299130,299130,299122,299124,298548
9,299390,299347,299337,299340,298764
10,299560,299564,299552,299555,298980
4,299740,299781,299768,299771,299195
5,300010,299998,299983,299986,299411
11,300230,300215,300198,300202,299626
8,300420,300432,300414,300418,299842
12,300640,300649,300629,300633,300058
7,301070,301044,301054,301049,300489
6,301260,301260,301269,301264,300705
1,301520,301476,301485,301479,300920
2,301690,301692,301700,301694,301136
3,301900,301908,301915,301910,301351
10,302080,302123,302130,302125,301567
9,302360,302339,302345,302340,301783
5,302520,302555,302561,302556,301998
4,302680,302771,302776,302771,302214
8,302970,302986,302991,302986,302429
11,303180,303202,303206,303202,302645
12,303420,303418,303421,303417,302861
6,303640,303634,303637,303632,303076
7,303820,303850,303852,303848,303292
1,304120,304065,304067,304063,303508
3,304310,304281,304282,304278,303723
2,304550,304497,304497,304493,303939
9,304750,304713,304713,304709,304154
10,304950,304928,304928,304924,304370
4,305130,305144,305143,305139,304586
5,305350,305360,305358,305355,304801
11,305560,305576,305573,305570,305017
8,305770,305792,305789,305785,305232
12,305990,306007,306004,306001,305448
6,306440,306414,306430,306425,305879
1,306660,306630,306645,306640,306095
7,306860,306846,306861,306855,306311
2,307090,307062,307076,307071,306526
3,307300,307278,307291,307286,306742
10,307470,307495,307506,307501,306957
9,307710,307711,307721,307717,307173
5,307920,307927,307936,307932,307389
4,308090,308143,308151,308147,307604
8,308310,308359,308366,308363,307820
11,308540,308575,308581,308578,308035
12,308790,308791,308797,308793,308251
1,309070,309007,309012,309008,308467
6,309200,309223,309227,309224,308682
7,309440,309439,309442,309439,308898
3,309680,309655,309657,309654,309114
2,309900,309872,309872,309870,309329
9,310120,310088,310087,310085,309545
10,310320,310304,310302,310300,309760
4,310480,310520,310517,310516,309976
5,310720,310736,310732,310731,310192
11,310950,310952,310948,310946,310407
8,311170,311168,311163,311162,310623
12,311390,311384,311378,311377,310838
6,311770,311785,311804,311797,311270
1,312030,312002,312019,312012,311485
3,312220,312218,312234,312227,311701
7,312480,312434,312449,312442,311917
9,312690,312650,312664,312658,312132
2,312870,312867,312879,312873,312348
4,313050,313083,313094,313088,312563
10,313180,313299,313309,313303,312779
5,313430,313515,313524,313519,312995
8,313740,313732,313739,313734,313210
11,313980,313948,313954,313949,313426
12,314160,314164,314169,314164,313642
6,314370,314380,314384,314380,313857
3,314590,314597,314599,314595,314073
1,314880,314813,314814,314810,314288
9,315070,315029,315029,315025,314504
7,315300,315245,315244,315241,314720
4,315490,315462,315459,315456,314935
2,315690,315678,315674,315671,315151
5,315880,315894,315889,315886,315366
10,316020,316110,316104,316102,315582
11,316320,316327,316319,316317,315798
8,316560,316543,316534,316532,316013
12,316760,316759,316749,316747,316229
3,317170,317163,317176,317168,316660
6,317400,317378,317391,317384,316876
1,317610,317594,317606,317599,317091
7,317830,317810,317820,317814,317307
9,318030,318026,318035,318030,317523
2,318290,318241,318250,318245,317738
4,318460,318457,318465,318460,317954
10,318630,318673,318680,318676,318169
5,318800,318889,318895,318891,318385
8,319050,319104,319110,319106,318601
11,319300,319320,319325,319322,318816
12,319530,319536,319540,319537,319032
3,319760,319752,319755,319752,319248
1,320040,319968,319970,319968,319463
6,320190,320183,320185,320183,319679
9,320420,320399,320400,320398,319894
7,320650,320615,320615,320613,320110
4,320830,320831,320830,320829,320326
2,321050,321046,321045,321044,320541
5,321260,321262,321260,321259,320757
10,321450,321478,321475,321475,320972
11,321700,321694,321689,321690,321188
8,321930,321910,321904,321905,321404
12,322090,322125,322119,322121,321619
1,322570,322534,322548,322545,322051
3,322770,322750,322763,322760,322266
6,322970,322966,322978,322975,322482
7,323220,323182,323193,323190,322697
9,323390,323398,323408,323405,322913
2,323650,323614,323623,323620,323129
4,323810,323830,323838,323836,323344
10,323990,324046,324053,324051,323560
5,324230,324262,324268,324266,323775
8,324450,324477,324483,324481,323991
11,324680,324693,324698,324696,324207
12,324860,324909,324913,324912,324422
1,325150,325125,325128,325127,324638
6,325330,325341,325343,325342,324854
3,325600,325557,325558,325557,325069
9,325810,325773,325773,325772,325285
7,326000,325989,325988,325987,325500
4,326210,326205,326202,326203,325716
2,326460,326421,326417,326418,325932
5,326670,326637,326632,326633,326147
10,326820,326853,326847,326848,326363
11,327050,327069,327062,327063,326578
8,327300,327285,327277,327279,326794
12,327470,327501,327492,327494,327010
6,327910,327905,327918,327911,327441
1,328120,328121,328133,328126,327657
9,328350,328337,328347,328341,327872
3,328570,328552,328562,328556,328088
4,328750,328768,328777,328772,328303
7,328990,328983,328992,328987,328519
5,329110,329199,329207,329202,328735
2,329480,329415,329422,329417,328950
11,329610,329630,329636,329632,329166
10,329810,329846,329851,329847,329382
8,330070,330061,330066,330062,329597
12,330250,330277,330281,330277,329813
1,330500,330493,330496,330493,330028
6,330750,330708,330711,330708,330244
9,330950,330924,330926,330923,330460
4,331170,331139,331140,331138,330675
3,331350,331355,331355,331353,330891
5,331620,331571,331570,331568,331106
7,331790,331786,331785,331783,331322
11,332010,332002,332000,331998,331538
2,332230,332217,332215,332214,331753
8,332400,332433,332429,332429,331969
10,332610,332649,332644,332644,332185
12,332840,332864,332859,332859,332400
1,333290,333274,333288,333284,332831
9,333520,333490,333502,333499,333047
6,333710,333705,333717,333714,333263
3,333920,333921,333932,333929,333478
4,334110,334137,334147,334144,333694
7,334370,334353,334362,334359,333909
5,334580,334568,334576,334574,334125
2,334820,334784,334791,334789,334341
11,335000,335000,335006,335004,334556
10,335120,335216,335221,335219,334772
8,335410,335431,335436,335434,334988
12,335590,335647,335651,335649,335203
9,335900,335863,335865,335864,335419
1,336160,336079,336080,336079,335634
6,336290,336294,336295,336294,335850
4,336510,336510,336510,336509,336066
3,336730,336726,336725,336724,336281
5,336970,336942,336940,336939,336497
7,337180,337157,337154,337154,336712
11,337400,337373,337369,337369,336928
2,337570,337589,337584,337584,337144
8,337820,337805,337799,337799,337359
10,337990,338020,338014,338014,337575
12,338200,338236,338228,338229,337791
9,338680,338636,338652,338643,338222
6,338810,338852,338867,338858,338437
1,339080,339068,339081,339073,338653
3,339270,339283,339296,339288,338869
4,339490,339499,339511,339503,339084
7,339730,339715,339725,339718,339300
5,339910,339931,339940,339933,339515
2,340160,340146,340155,340148,339731
11,340360,340362,340369,340363,339947
10,340520,340578,340584,340578,340162
8,340770,340793,340799,340793,340378
12,341000,341009,341014,341008,340594
6,341150,341225,341228,341223,340809
9,341450,341440,341443,341438,341025
1,341710,341656,341658,341653,341240
4,341900,341872,341872,341868,341456
3,342110,342088,342087,342083,341672
5,342340,342303,342302,342298,341887
7,342510,342519,342516,342513,342103
11,342750,342735,342731,342728,342318
2,342960,342950,342946,342943,342534
8,343150,343166,343161,343158,342750
10,343360,343382,343375,343373,342965
12,343600,343597,343590,343587,343181
9,343980,343999,344019,344013,343612
6,344190,344215,344233,344228,343828
4,344400,344432,344448,344443,344043
1,344680,344648,344663,344658,344259
5,344860,344864,344878,344873,344475
3,345080,345081,345092,345088,344690
11,345330,345297,345307,345303,344906
7,345520,345514,345522,345518,345122
2,345760,345730,345737,345734,345337
10,345880,345946,345951,345949,345553
8,346170,346163,346166,346164,345768
12,346370,346379,346381,346379,345984
9,346600,346596,346596,346594,346200
4,346840,346812,346810,346809,346415
6,347000,347028,347025,347024,346631
5,347220,347245,347240,347239,346846
1,347480,347461,347455,347454,347062
11,347690,347678,347669,347669,347278
3,347890,347894,347884,347884,347493
2,348110,348110,348099,348099,347709
7,348330,348327,348314,348314,347925
8,348580,348543,348529,348529,348140
10,348730,348759,348743,348744,348356
12,348980,348976,348958,348959,348571
4,349380,349371,349384,349374,349003
9,349630,349587,349599,349589,349218
6,349790,349803,349814,349804,349434
1,350030,350018,350028,350020,349649
5,350200,350234,350243,350235,349865
3,350440,350450,350458,350450,350081
11,350670,350666,350673,350666,350296
7,350870,350881,350887,350881,350512
2,351090,351097,351102,351096,350728
10,351240,351313,351317,351312,350943
8,351510,351528,351531,351527,351159
12,351720,351744,351746,351742,351374
4,351940,351960,351961,351958,351590
6,352180,352176,352175,352173,351806
9,352420,352391,352390,352388,352021
5,352620,352607,352605,352604,352237
1,352850,352823,352820,352819,352452
11,353030,353039,353034,353034,352668
3,353260,353254,353249,353250,352884
2,353500,353470,353464,353465,353099
7,353680,353686,353678,353680,353315
8,353890,353901,353893,353896,353531
10,354120,354117,354108,354111,353746
12,354340,354333,354323,354326,353962
6,354700,354740,354759,354752,354393
4,354940,354957,354974,354968,354609
9,355210,355173,355188,355184,354824
1,355440,355390,355403,355400,355040
5,355630,355607,355618,355615,355255
3,355780,355824,355833,355831,355471
11,356000,356040,356048,356047,355687
7,356300,356257,356263,356263,355902
2,356500,356474,356478,356479,356118
10,356650,356691,356693,356694,356334
8,356900,356907,356908,356910,356549
12,357070,357124,357123,357126,356765
6,357320,357341,357338,357342,356980
9,357610,357558,357553,357557,357196
4,357820,357774,357768,357773,357412
5,358040,357991,357983,357989,357627
1,358220,358208,358198,358205,357843
11,358430,358425,358413,358420,358058
3,358640,358642,358628,358636,358274
2,358870,358858,358843,358852,358490
7,359060,359075,359058,359068,358705
8,359290,359292,359273,359284,358921
10,359510,359509,359488,359499,359137
12,359680,359725,359703,359715,359352
9,360170,360132,360140,360144,359783
6,360370,360348,360355,360359,359999
5,360590,360565,360571,360575,360215
4,360790,360781,360786,360790,360430
11,361030,360997,361001,361005,360646
1,361210,361213,361216,361220,360862
2,361440,361429,361431,361436,361077
3,361620,361646,361647,361651,361293
7,361850,361862,361862,361866,361508
10,362010,362078,362077,362082,361724
8,362270,362294,362292,362297,361940
12,362470,362510,362507,362512,362155
6,362710,362726,362723,362728,362371
9,362980,362943,362938,362943,362586
5,363170,363159,363153,363158,362802
11,363410,363375,363368,363374,363018
4,363600,363591,363583,363589,363233
2,363810,363807,363798,363804,363449
1,364030,364024,364014,364020,363665
7,364230,364240,364229,364235,363880
3,364460,364456,364444,364450,364096
8,364670,364672,364659,364665,364311
10,364880,364888,364874,364881,364527
12,365110,365104,365090,365096,364743
6,365500,365500,365513,365503,365174
5,365700,365716,365729,365718,365389
9,365980,365932,365944,365934,365605
4,366140,366148,366159,366149,365821
11,366340,366364,366374,366365,366036
1,366600,366579,366589,366580,366252
2,366780,366795,366804,366796,366468
3,366970,367011,367019,367011,366683
7,367200,367227,367234,367227,366899
10,367360,367443,367449,367442,367114
8,367630,367659,367664,367658,367330
12,367890,367875,367879,367873,367546
5,368130,368091,368094,368089,367761
6,368300,368307,368309,368304,367977
9,368580,368523,368524,368520,368192
11,368740,368739,368739,368735,368408
4,368950,368955,368954,368950,368624
2,369160,369171,369169,369166,368839
1,369410,369387,369384,369381,369055
7,369610,369603,369600,369597,369271
3,369830,369819,369815,369812,369486
8,370020,370035,370030,370028,369702
10,370200,370251,370245,370243,369917
12,370520,370467,370460,370459,370133
5,370860,370875,370896,370895,370564
9,371150,371092,371111,371111,370780
6,371330,371310,371327,371326,370995
4,371530,371527,371542,371542,371211
11,371740,371744,371757,371758,371427
1,371970,371961,371973,371973,371642
2,372200,372179,372188,372189,371858
3,372360,372396,372403,372405,372074
7,372600,372613,372619,372620,372289
10,372760,372830,372834,372836,372505
8,373000,373048,373049,373052,372720
12,373240,373265,373265,373267,372936
9,373530,373482,373480,373483,373152
5,373760,373700,373695,373698,373367
6,373920,373917,373910,373914,373583
11,374110,374134,374126,374130,373798
4,374350,374351,374341,374345,374014
2,374590,374569,374556,374561,374230
1,374830,374786,374772,374777,374445
7,375000,375003,374987,374992,374661
3,375250,375220,375202,375208,374877
8,375410,375438,375418,375424,375092
10,375620,375655,375633,375639,375308
12,375890,375872,375848,375855,375523
5,376250,376268,376274,376271,375955
9,376510,376483,376489,376486,376170
11,376700,376699,376704,376701,376386
6,376910,376914,376919,376916,376602
2,377140,377130,377134,377131,376817
4,377310,377345,377349,377346,377033
7,377560,377560,377565,377561,377248
1,377780,377776,377780,377776,377464
3,377950,377991,377995,377991,377680
10,378170,378207,378210,378207,377895
8,378420,378422,378425,378422,378111
12,378630,378638,378640,378637,378326
5,378920,378853,378856,378852,378542
11,379100,379069,379071,379067,378758
9,379320,379284,379286,379282,378973
2,379520,379500,379501,379497,379189
6,379730,379715,379716,379712,379405
7,379890,379931,379931,379927,379620
4,380120,380146,380147,380142,379836
3,380330,380362,380362,380357,380051
1,380590,380577,380577,380572,380267
8,380790,380793,380792,380787,380483
10,381000,381008,381007,381002,380698
12,381220,381224,381222,381217,380914
11,381680,381625,381644,381636,381345
5,381860,381841,381859,381851,381561
9,382060,382057,382074,382066,381776
6,382260,382274,382289,382281,381992
2,382530,382490,382504,382496,382208
4,382650,382706,382719,382712,382423
7,382900,382922,382934,382927,382639
1,383120,383138,383149,383142,382854
3,383300,383354,383364,383357,383070
10,383510,383570,383579,383572,383286
8,383750,383786,383794,383787,383501
12,383980,384002,384009,384002,383717
11,384220,384218,384224,384217,383932
9,384480,384434,384439,384432,384148
5,384720,384650,384654,384647,384364
2,384910,384866,384869,384862,384579
6,385080,385082,385084,385077,384795
7,385320,385298,385299,385293,385011
4,385510,385514,385514,385508,385226
3,385710,385730,385729,385723,385442
1,385950,385946,385944,385938,385657
8,386170,386162,386159,386153,385873
10,386380,386378,386374,386368,386089
12,386580,386594,386589,386583,386304
9,386980,386993,387013,387006,386735
11,387240,387209,387228,387221,386951
5,387430,387426,387443,387436,387167
6,387630,387642,387658,387651,387382
2,387890,387858,387873,387866,387598
4,388060,388075,388088,388082,387814
7,388290,388291,388303,388297,388029
1,388510,388507,388518,388512,388245
3,388720,388723,388732,388727,388460
10,388900,388940,388947,388942,388676
8,389140,389156,389162,389157,388892
12,389340,389372,389377,389372,389107
9,389580,389589,389592,389587,389323
5,389810,389805,389807,389802,389538
11,390020,390021,390022,390017,389754
2,390240,390237,390237,390232,389970
6,390470,390454,390452,390447,390185
7,390660,390670,390666,390663,390401
4,390860,390886,390881,390878,390617
3,391100,391103,391096,391093,390832
1,391360,391319,391311,391308,391048
8,391550,391535,391526,391523,391263
10,391750,391752,391741,391738,391479
12,391980,391968,391956,391953,391695
5,392340,392363,392380,392370,392126
9,392570,392579,392595,392586,392342
2,392760,392795,392810,392801,392557
11,393000,393011,393024,393016,392773
7,393260,393227,393239,393231,392988
6,393440,393443,393454,393446,393204
3,393680,393659,393669,393662,393420
4,393860,393875,393884,393877,393635
1,394050,394091,394098,394092,393851
10,394290,394307,394313,394307,394066
8,394500,394523,394528,394522,394282
12,394720,394739,394743,394737,394498
9,395000,394955,394957,394953,394713
5,395230,395171,395172,395168,394929
2,395430,395387,395387,395383,395145
7,395600,395603,395602,395598,395360
11,395840,395819,395817,395813,395576
3,396060,396034,396031,396028,395791
6,396220,396250,396246,396244,396007
1,396460,396466,396461,396459,396223
4,396660,396682,396676,396674,396438
8,396880,396898,396891,396889,396654
10,397090,397114,397105,397104,396869
12,397340,397330,397320,397320,397085
9,397750,397738,397750,397741,397516
2,397990,397954,397965,397957,397732
5,398180,398169,398179,398172,397948
11,398420,398385,398394,398388,398163
7,398620,398600,398609,398603,398379
6,398790,398816,398824,398819,398594
3,399060,399032,399039,399035,398810
4,399250,399247,399253,399250,399026
1,399430,399463,399468,399466,399241
10,399600,399678,399683,399681,399457
8,399900,399894,399898,399897,399672
12,400080,400110,400113,400112,399888
2,400370,400325,400327,400328,400104
9,400550,400541,400542,400543,400319
5,400780,400756,400757,400759,400535
7,400990,400972,400972,400974,400751
11,401190,401188,401186,401190,400966
3,401390,401403,401401,401405,401182
6,401620,401619,401616,401621,401397
1,401880,401835,401831,401837,401613
4,402060,402050,402046,402052,401829
8,402250,402266,402260,402268,402044
10,402430,402481,402475,402483,402260
12,402700,402697,402690,402699,402475
2,403140,403110,403127,403131,402907
5,403350,403326,403342,403346,403122
9,403560,403543,403557,403561,403338
11,403790,403759,403772,403776,403554
7,404000,403976,403987,403991,403769
6,404170,404193,404202,404206,403985
3,404430,404409,404417,404421,404200
4,404600,404626,404632,404636,404416
1,404830,404842,404847,404851,404632
10,404990,405059,405062,405066,404847
8,405250,405276,405277,405281,405063
12,405490,405492,405492,405496,405278
5,405730,405709,405707,405711,405494
2,405940,405925,405922,405926,405710
9,406150,406142,406137,406141,405925
7,406380,406358,406352,406356,406141
11,406590,406575,406567,406571,406357
3,406790,406792,406782,406786,406572
6,407010,407008,406997,407001,406788
1,407270,407225,407212,407216,407003
4,407420,407441,407427,407431,407219
8,407630,407658,407642,407646,407435
10,407850,407875,407857,407861,407650
12,408120,408091,408072,408076,407866
2,408480,408488,408491,408482,408297
5,408690,408703,408706,408697,408513
7,408920,408917,408920,408912,408728
9,409140,409132,409135,409127,408944
3,409380,409346,409350,409341,409160
11,409580,409560,409564,409556,409375
1,409790,409775,409779,409771,409591
6,410010,409989,409994,409986,409806
4,410170,410203,410208,410201,410022
10,410370,410418,410423,410415,410238
8,410610,410632,410638,410630,410453
12,410840,410846,410852,410845,410669
2,411040,411061,411067,411060,410885
7,411250,411275,411282,411275,411100
5,411520,411489,411497,411490,411316
3,411730,411704,411711,411704,411531
9,411930,411918,411926,411919,411747
1,412160,412133,412141,412134,411963
11,412380,412347,412355,412349,412178
4,412530,412561,412570,412564,412394
6,412760,412776,412785,412778,412609
8,412960,412990,412999,412993,412825
10,413170,413204,413214,413208,413041
12,413450,413419,413429,413423,413256
7,413910,413839,413858,413852,413688
2,414110,414055,414072,414067,413903
5,414280,414271,414287,414282,414119
9,414490,414487,414502,414497,414334
3,414710,414703,414716,414712,414550
11,414960,414918,414931,414927,414766
1,415140,415134,415146,415143,414981
6,415310,415350,415360,415358,415197
4,415520,415566,415575,415573,415412
10,415710,415782,415790,415788,415628
8,415990,415998,416004,416003,415844
12,416220,416213,416219,416218,416059
7,416410,416429,416434,416433,416275
5,416690,416645,416648,416649,416491
2,416890,416861,416863,416864,416706
3,417080,417077,417078,417079,416922
9,417300,417292,417292,417294,417137
1,417520,417508,417507,417509,417353
11,417720,417724,417722,417724,417569
4,417930,417940,417936,417939,417784
6,418150,418156,418151,418154,418000
8,418380,418371,418366,418370,418215
10,418580,418587,418581,418585,418431
12,418820,418803,418795,418800,418647
5,419200,419213,419223,419224,419078
7,419470,419428,419438,419438,419294
2,419690,419643,419652,419653,419509
9,419860,419859,419867,419867,419725
3,420070,420074,420082,420082,419940
11,420300,420289,420296,420296,420156
1,420520,420505,420511,420511,420372
6,420680,420720,420726,420725,420587
4,420900,420936,420940,420940,420803
10,421070,421151,421155,421154,421018
8,421360,421366,421370,421369,421234
12,421570,421582,421584,421583,421450
5,421850,421797,421799,421798,421665
2,422040,422012,422014,422012,421881
7,422260,422228,422228,422227,422097
3,422420,422443,422443,422441,422312
9,422690,422659,422658,422656,422528
1,422900,422874,422872,422870,422743
11,423090,423089,423087,423085,422959
4,423290,423305,423302,423299,423175
6,423500,423520,423516,423514,423390
8,423740,423736,423731,423728,423606
10,423940,423951,423946,423943,423822
12,424160,424166,424160,424157,424037
2,424560,424570,424576,424565,424468
5,424780,424784,424791,424779,424684
3,425010,424998,425005,424994,424900
7,425260,425212,425219,425208,425115
1,425490,425426,425434,425423,425331
9,425670,425641,425648,425637,425546
4,425800,425855,425862,425852,425762
11,426040,426069,426076,426066,425978
6,426240,426283,426291,426281,426193
10,426470,426497,426505,426495,426409
8,426710,426711,426719,426710,426625
12,426930,426925,426933,426924,426840
5,427100,427139,427148,427139,427056
2,427330,427354,427362,427353,427271
3,427560,427568,427576,427568,427487
1,427840,427782,427791,427782,427703
7,427970,427996,428005,427997,427918
4,428220,428210,428219,428211,428134
9,428460,428424,428433,428426,428349
6,428630,428638,428648,428641,428565
11,428820,428852,428862,428855,428781
8,429060,429067,429076,429070,428996
10,429300,429281,429290,429284,429212
12,429510,429495,429505,429499,429428
5,429910,429910,429934,429924,429859
3,430110,430126,430148,430139,430074
2,430360,430343,430362,430354,430290
7,430580,430559,430577,430569,430506
1,430800,430775,430791,430784,430721
9,431030,430991,431005,430999,430937
4,431200,431207,431220,431214,431152
11,431420,431423,431434,431430,431368
6,431580,431639,431648,431645,431584
10,431810,431856,431863,431860,431799
8,432070,432072,432077,432075,432015
12,432270,432288,432292,432290,432231
3,432520,432504,432506,432505,432446
5,432760,432720,432720,432720,432662
2,432930,432936,432935,432935,432877
1,433190,433152,433149,433150,433093
7,433330,433368,433363,433365,433309
4,433600,433585,433578,433581,433524
9,433830,433801,433792,433796,433740
6,434000,434017,434006,434011,433955
11,434240,434233,434221,434226,434171
8,434460,434449,434435,434441,434387
10,434650,434665,434649,434656,434602
12,434890,434881,434864,434871,434818
3,435300,435290,435298,435292,435249
2,435530,435505,435512,435507,435465
5,435710,435721,435727,435723,435680
7,435940,435936,435942,435938,435896
1,436180,436152,436156,436153,436112
9,436370,436367,436371,436369,436327
4,436540,436583,436585,436584,436543
11,436800,436798,436800,436799,436758
6,436990,437014,437014,437015,436974
10,437180,437229,437229,437230,437190
8,437480,437445,437443,437445,437405
12,437670,437660,437658,437661,437621
2,437890,437876,437872,437876,437837
3,438120,438091,438087,438091,438052
5,438310,438307,438301,438307,438268
1,438590,438522,438516,438522,438483
7,438700,438738,438730,438737,438699
4,438940,438953,438945,438953,438915
9,439130,439169,439160,439168,439130
6,439360,439384,439374,439383,439346
11,439580,439600,439589,439599,439562
8,439820,439815,439803,439814,439777
10,440040,440031,440018,440029,439993
12,440270,440246,440232,440245,440208
3,440680,440661,440670,440668,440640
2,440910,440877,440884,440883,440855
1,441130,441093,441099,441099,441071
5,441270,441309,441314,441314,441286
4,441490,441525,441529,441530,441502
7,441740,441740,441744,441745,441718
6,441970,441956,441958,441960,441933
9,442180,442172,442173,442176,442149
8,442420,442388,442388,442391,442365
11,442580,442604,442603,442607,442580
10,442850,442819,442817,442822,442796
12,443050,443035,443032,443037,443011
3,443220,443251,443247,443253,443227
1,443510,443467,443462,443468,443443
2,443680,443683,443677,443683,443658
4,443880,443898,443891,443899,443874
5,444100,444114,444106,444114,444089
6,444310,444330,444321,444330,444305
7,444490,444546,444536,444545,444521
8,444750,444762,444751,444760,444736
9,444990,444977,444965,444976,444952
10,445200,445193,445180,445191,445168
11,445420,445409,445395,445407,445383
12,445660,445625,445610,445622,445599
1,446070,446037,446044,446046,446030
3,446250,446253,446259,446261,446246
2,446480,446469,446474,446476,446461
5,446670,446685,446689,446691,446677
4,446870,446900,446904,446906,446892
7,447080,447116,447119,447121,447108
6,447320,447332,447334,447337,447324
9,447560,447548,447549,447552,447539
8,447780,447764,447764,447767,447755
11,448030,447979,447979,447982,447971
10,448200,448195,448194,448197,448186
12,448440,448411,448409,448412,448402
1,448640,448627,448624,448627,448617
2,448820,448843,448839,448842,448833
3,449020,449058,449054,449057,449049
4,449310,449274,449269,449272,449264
5,449490,449490,449484,449488,449480
6,449690,449706,449699,449703,449695
7,449910,449922,449914,449918,449911
8,450140,450137,450129,450133,450127
9,450340,450353,450344,450348,450342
10,450560,450569,450559,450563,450558
11,450790,450785,450774,450778,450774
12,451010,451000,450988,450993,450989
1,451440,451406,451414,451405,451420
2,451630,451622,451629,451620,451636
3,451810,451837,451844,451836,451852
4,452030,452052,452059,452051,452067
5,452260,452268,452273,452266,452283
6,452480,452483,452488,452482,452498
7,452670,452698,452703,452697,452714
8,452890,452914,452918,452912,452930
9,453140,453129,453133,453128,453145
10,453320,453344,453348,453343,453361
11,453550,453559,453563,453558,453577
12,453790,453775,453777,453774,453792
1,454000,453990,453992,453989,454008
2,454230,454205,454207,454204,454223
3,454420,454421,454422,454420,454439
4,454650,454636,454637,454635,454655
5,454900,454851,454852,454850,454870
6,455080,455067,455067,455066,455086
7,455260,455282,455281,455281,455302
8,455480,455497,455496,455496,455517
9,455710,455713,455711,455712,455733
10,455910,455928,455926,455927,455948
11,456140,456143,456141,456142,456164
12,456360,456358,456356,456358,456380
1,456850,456781,456791,456791,456811
2,457030,456997,457006,457007,457026
3,457200,457213,457221,457222,457242
4,457420,457428,457436,457437,457458
5,457630,457644,457651,457653,457673
6,457890,457860,457866,457868,457889
7,458080,458076,458081,458083,458105
8,458300,458292,458296,458299,458320
9,458480,458508,458511,458514,458536
10,458690,458724,458726,458729,458751
11,458940,458940,458941,458945,458967
12,459160,459156,459156,459160,459183
1,459400,459372,459371,459375,459398
2,459600,459588,459586,459590,459614
3,459790,459804,459801,459806,459829
4,460030,460020,460016,460021,460045
5,460260,460236,460231,460236,460261
6,460450,460452,460446,460452,460476
7,460650,460668,460661,460667,460692
8,460870,460884,460876,460882,460908
9,461100,461100,461091,461098,461123
10,461310,461315,461306,461313,461339
11,461520,461531,461521,461528,461554
12,461770,461747,461736,461744,461770
